INSERT INTO neighborhoods (name)
VALUES
    ('Acorn Industrial'),
    ('Acorn'),
    ('Adams Point'),
    ('Allendale'),
    ('Arroyo Viejo'),
    ('Bartlett'),
    ('Bella Vista'),
    ('Beulah Heights'),
    ('Broadway Valdez District Specific Plan'),
    ('Brookfield Village'),
    ('Bushrod Neighborhood'),
    ('Caballo Hills'),
    ('Castlemont'),
    ('Chabot Park'),
    ('Chinatown'),
    ('City Center'),
    ('Civic Center'),
    ('Claremont Hills'),
    ('Clawson'),
    ('Cleveland Heights'),
    ('Clinton'),
    ('Coliseum'),
    ('Coliseum Industrial'),
    ('Columbia Gardens'),
    ('Columbia Park'),
    ('Cox'),
    ('Crestmont'),
    ('Crocker Highlands'),
    ('Dimond District'),
    ('Dogtown'),
    ('Downtown Oakland'),
    ('Durant Manor'),
    ('Eastmont'),
    ('Eastmont Hills'),
    ('East Peralta'),
    ('Edgewater'),
    ('Elmhurst Park'),
    ('Embarcadero'),
    ('Fairfax'),
    ('Fairview Park'),
    ('Fitchburg'),
    ('Foothill Square'),
    ('Forestland'),
    ('Fremont'),
    ('Frick'),
    ('Fruitvale Station'),
    ('Gaskill'),
    ('Ghosttown'),
    ('Glen Echo'),
    ('Glen Highlands'),
    ('Glenview'),
    ('Golden Gate'),
    ('Grand Lake'),
    ('Grass Valley'),
    ('Haddon Hill'),
    ('Harrington'),
    ('Havenscourt'),
    ('Highland'),
    ('Highland Park'),
    ('Highland Terrace'),
    ('Hiller Highlands'),
    ('Holy Names University'),
    ('Hoover-Foster'),
    ('Iveywood'),
    ('Ivy Hill'),
    ('Jack London Square'),
    ('JAMMMI'),
    ('Jefferson'),
    ('Jingletown'),
    ('Joaquin Miller Park'),
    ('Koreantown Northgate'),
    ('Lakeshore'),
    ('Lakeside'),
    ('Laney College'),
    ('Las Palmas'),
    ('Leona Heights'),
    ('Lincoln Highlands'),
    ('Lincoln Square'),
    ('Lockwood-Tevis'),
    ('Longfellow'),
    ('Lower Bottoms'),
    ('Lower Dimond'),
    ('Lower Rockridge'),
    ('Lynn'),
    ('Maxwell Park'),
    ('McClymonds'),
    ('Melrose'),
    ('Melrose Heights'),
    ('Merriewood'),
    ('Merritt'),
    ('Mills College'),
    ('Millsmont'),
    ('Montclair'),
    ('Montclair Village'),
    ('Mosswood'),
    ('Mountain View Cemetery'),
    ('Neighborhood Groups'),
    ('NOBE'),
    ('Northgate'),
    ('North Oakland'),
    ('North Stonehurst'),
    ('Oak Center'),
    ('Oak Knoll'),
    ('Oakland Airport'),
    ('Oakland Avenue'),
    ('Oakmore Highlands'),
    ('Oak Tree'),
    ('Old Oakland'),
    ('Panoramic Hill'),
    ('Paradise Park'),
    ('Parkridge Estates'),
    ('Patten'),
    ('Peralta Hacienda'),
    ('Piedmont Avenue'),
    ('Piedmont Pines'),
    ('Pill Hill'),
    ('Prescott'),
    ('Public Safety Groups'),
    ('Ralph Bunche'),
    ('Rancho San Antonio'),
    ('Redwood Heights'),
    ('Reservoir Hill'),
    ('Rockridge'),
    ('San Pablo Gateway'),
    ('Santa Fe'),
    ('Sausal Creek'),
    ('School'),
    ('Seminary'),
    ('Sequoyah'),
    ('Sheffield Village'),
    ('Shepherd Canyon'),
    ('Skyline-Hillcrest Estates'),
    ('Sobrante Park'),
    ('South Kennedy Tract'),
    ('South Prescott'),
    ('South Stonehurst'),
    ('Spencer'),
    ('Saint Elizabeth'),
    ('Temescal'),
    ('The Jewel Box'),
    ('The Laurel District'),
    ('The TreeHouse'),
    ('The Twomps'),
    ('Toler Heights'),
    ('Trestle Glen'),
    ('Tuxedo'),
    ('Upper Dimond'),
    ('Upper Rockridge'),
    ('Uptown'),
    ('Vernon Heights'),
    ('Village Bottoms'),
    ('Waverly'),
    ('Webster'),
    ('Wenwrtoh Holland'),
    ('West Oakland'),
    ('Wilshire Heights'),
    ('Woodland'),
    ('Woodminster')
;

INSERT INTO residents (first_name, last_name, email, password, street, zip_code, is_volunteer, neighborhood)
VALUES
    ('Jordan', 'Pinnick', 'pinnick.j@northeastern.edu', 'hello2F4', '5000 MacArthur Blvd', 94613, false, 'Mills College'),
    ('Devan', 'Kumar', 'kumar.deva@northeastern.edu', 'miss27ouri', '4341 Davis Street', 94601, false, 'Harrington'),
    ('Matthew', 'Shi', 'shi.mat@northeastern.edu', 'vintage1092', '1506 Linden Street', 94607, true, 'Oak Center'),
    ('Ashwin', 'Iyer', 'iyer.ashw@northeastern.edu', 'minne2311', '2281 E 10th Street', 94601, true, 'Prescott'),
    ('Baoren', 'Liu', 'liu.baor@northeastern.edu', 'kansl1865', '5567 Carlton Street', 94618, true, 'Rockridge'),
    ('John', 'Smith', 'js@gmail.com', 'nmD782', '85 Glen Avenue', 94611, true, 'Piedmont Avenue'),
    ('Ashley', 'White', 'ash.w3928.j@gmail.com', 'l26973f', '3873 Rhoda Avenue', 94602, false, 'Upper Dimond'),
    ('Lily', 'Green', 'lilygreenhappy@yahoo.com', 'vdF43fg', '7945 Sunkist Drive', 94605, true, 'Eastmont Hills'),
    ('Ella', 'Li', 'eli5@gmail.com', 'uimvl29', '7616 Weld Street', 94621, false, 'Arroyo Viejo'),
    ('Aaron', 'Williams', 'will.aaron@gmail.com', '38572ab', '1306 31st Avenue', 94601, false, 'Fruitvale Station'),
    ('Henry', 'Cage', 'henryc@outlook.com', 'nmfgh347', '3813 Clarke Street' , 94609, false, 'Mosswood'),
    ('Tracy', 'Kemp', 'tracy020@gmail.com', 'gfdidij28', '4435 Shafter Avenue', 94609, false, 'Temescal'),
    ('Tracy', 'Haynes', 'haytray930@gmail.com', 'bhgv23', '5705 Genoa Street', 94608, false, 'Santa Fe'),
    ('Drew', 'Glenn', 'dgdg@outlook.com', '4324mdf', '1099 Mandana Boulevard', 94610, true, 'Crocker Highlands'),
    ('April', 'Cain', '4c4c@gmail.com', '544ffd', '3266 Louise Street', 94608, true, 'Clawson'),
    ('Jasper', 'Ruiz', 'jasperRRRR@gmail.com', '09876fdgf', '2020 E 15th Street', 94606, true, 'Rancho San Antonio'),
    ('Holden', 'Schmitt', 'schold@gmail.com', 'lmaj289', '1137 65th Avenue', 94621, true, 'Lockwood-Tevis'),
    ('Allen', 'Bell', 'bell.allen@outlook.com', 'happy2839', '9501 Granada Avenue', 94605, true, 'Oak Knoll'),
    ('Raymond', 'Bell', 'raymond.bell@gmail.com', 'cake23672', '1244 51st Avenue', 94601, true, 'Melrose'),
    ('Harvey', 'Choi', 'imharvey@yahoo.com', '3827352', '2344 90th Avenue', 94603, true, 'Castlemont'),
    ('Savanna', 'Jackson', 'savajack@gmail.com', 'abcdefghij', '9867 Lawlor Street', 94605, true, 'Toler Heights'),
    ('Benjamin', 'Ruth', 'bruh@gmail.com', 'mngfj38', '7411 Altura Plaza', 94605, true, 'Caballo Hills'),
    ('Edward', 'James', 'ej239@gmail.com', '4334jk', '3727 Glen Park Road', 94602, false, 'Glenview'),
    ('Tanay', 'Hickleberry', 'hanerry@gmail.com', 'lmdfjk3', '500 E 19th Street', 94606, true, 'Ivy Hill'),
    ('Emily', 'Parker', 'email.parker@gmail.com', 'G5l9aF8b', '901 Jefferson Street', 94607, true, 'Old Oakland'),
    ('John', 'Smith', 'john.smith@gmail.com', '3hT1rS8p', '1510 32nd Street', 94612, false, 'Clawson'),
    ('Olivia', 'Johnson', 'olivia.johnson@gmail.com', 'Bv7pL2sF', '2015 Chestnut Street', 94607, true, 'West Oakland'),
    ('Michael', 'Davis', 'michael.davis@gmail.com', 'T9m6Jz2Q', '1907 Linden Street', 94607, true, 'West Oakland'),
    ('Sophia', 'Lee', 'sophia.lee@gmail.com', 'W8vR7k9X', '4059 Everett Avenue', 94602, false, 'Glenview'),
    ('Daniel', 'Brown', 'daniel.brown@gmail.com', 'Pq3R2jB7', '4016 Linwood Avenue', 94602, false, 'Glenview'),
    ('Mia', 'Wilson', 'mia.wilson@gmail.com', 'F4bX9lA5v%', '920 39th Street', 94608, true, 'Longfellow'),
    ('Ethan', 'Moore', 'ethan.moore@gmail.com', '2XyF3aL9b#', '3834 Market Street', 94608, true, 'Longfellow'),
    ('Ava', 'Taylor', 'ava.taylor@gmail.com', 'Yq5F1dQ0#', '992 42nd Street', 94608, true, 'Longfellow'),
    ('Noah', 'Harris', 'noah.harris@gmail.com', '7Kp2VbF1@', '981 41st Street', 94606, false, 'Longfellow')
;

INSERT INTO organization_members (resident_id, role, start_date)
VALUES
    (1, 'administrator', '2022-01-01'),
    (2, 'administrator', '2022-01-01'),
    (11, 'group leader', '2023-05-05'),
    (15, 'group leader', '2024-02-04'),
    (13, 'group leader', '2023-11-12'),
    (18, 'group leader', '2025-01-01'),
    (10, 'group leader', '2023-06-06'),
    (22, 'group leader', '2024-08-06'),
    (23, 'group leader', '2022-05-02'),
    (24, 'group leader', '2023-12-14')
;

INSERT INTO volunteer_applications (resident_id, created, approved, notes)
VALUES
    (3, '2023-04-24', true, 'Has fertilizer to bring'),
    (4, '2023-02-12', true, 'Can drive other volunteers'),
    (5, '2024-07-09', true, 'Can supply additional shovels'),
    (6, '2023-12-08', true, 'Is able to transport the tree to its location'),
    (7, '2022-06-01', false, ''),
    (8, '2023-08-09', true, ''),
    (9, '2024-11-04', false, ''),
    (15, '2024-08-11', true, 'Can drive other volunteers'),
    (16, '2025-03-01', true, ''),
    (17, '2025-01-05', true, '')
;

INSERT INTO trees (common_name, scientific_name, height_range, width_range, minimum_planting_bed_width, plantable_under_power_lines, native_to_ca, drought_tolerance, growth_rate, foliage_type, debris, root_damage_potential, nursery_availability, visual_attraction, pzharshsites, pzbay, pzurbanized, pznearnaturalareas)
VALUES
    ('African fern pine', 'Afrocarpus graciliar', int4range(40,60), int4range(25,35), 5, false, false, 'high', 'moderate', 'evergreen', 'low', 'moderate', 'high', ARRAY['Green screen'], false, false, true, true),
    ('Aleppo oak', 'Quercus boissieri', int4range(30,40), int4range(30,50), 5, false, false, 'high', 'moderate', 'deciduous', 'low acorn potential', 'moderate', 'low', ARRAY['Fall color'], false, false, true, true),
    ('Atlas cedar', 'Cedrus atlantica', int4range(60,100), int4range(30,45), 6, false, false, 'very high', 'fast', 'evergreen', 'low', 'high', 'low', ARRAY['Structure'], false, false, true, true),
    ('Brisbane box', 'Lophostemon confertus', int4range(40,60), int4range(25,40), 5, false, false, 'moderate', 'moderate', 'evergreen', 'low', 'moderate', 'high', ARRAY['Bark'], false, true, true, false),
    ('Bronze loquat', 'Eriobotrya deflexa', int4range(15,25), int4range(20,30), 3, true, false, 'moderate', 'moderate', 'evergreen', 'moderate', 'low', 'moderate', ARRAY['Foliage, flowers}'], false, false, true, false),
    ('Cajeput tree', 'Melaleuca quinquenervia', int4range(20,35), int4range(15,35), 4, false, false, 'very high', 'moderate', 'evergreen', 'low', 'moderate', 'high', ARRAY['Bark, flower'], true, true, true, false),
    ('California buckeye', 'Aesculus caliornica', int4range(20,30), int4range(20,50), 8, true, true, 'high', 'slow', 'drought-deciduous', 'large seeds', 'moderate', 'moderate', ARRAY['Structure, fruit'], false, false, false, true),
    ('Canary Island pine', 'Pinus canariensis', int4range(60,100), int4range(20,40), 8, false, false, 'very high', 'fast', 'evergreen', 'large cones, limb failure', 'high', 'high', ARRAY['Foliage, bark'], false, true, true, true),
    ('Catalina cherry', 'Prunus lyanii', int4range(15,30), int4range(10,30), 8, true, true, 'high', 'moderate', 'evergreen', 'high fruit potential', 'low', 'moderate', ARRAY['Flower, foliage'], false, false, true, true),
    ('Chestnut leaf oak', 'Quercus castaneifolia', int4range(50,100), int4range(30,60), 6, false, false, 'high', 'very fast', 'deciduous', 'high acorn potential', 'high', 'low', ARRAY['Size, structure'], false, false, true, false),
    ('Chinese pistache', 'Pistacia chinesis', int4range(30,40), int4range(25,40), 5, false, false, 'very high', 'moderate', 'deciduous', 'low', 'moderate', 'high', ARRAY['Fall color'], false, false, true, false),
    ('Chisos red oak', 'Quercus gravesii', int4range(25,35), int4range(15,30), 4, false, false, 'high', 'moderate', 'late-deciduous', 'low acorn potential', 'low', 'low', ARRAY['Winter color'], false, false, true, true),
    ('Coast live oak', 'Quercus agrifolia', int4range(40,80), int4range(30,100), 6, false, true, 'high', 'moderate', 'evergreen', 'acorns, dripping exudate', 'moderate', 'high', ARRAY['Structure, foliage'], false, false, false, true),
    ('Compact strawberry tree', 'Arbutus unedo Compacta', int4range(10,20), int4range(10,20), 8, true, false, 'high', 'slow', 'evergreen', 'high fruit potential', 'low', 'moderate', ARRAY['Flowers, trunk, fruit'], false, true, true, true),
    ('Compton oak', 'Quercus x comptaniae', int4range(40,60), int4range(30,50), 5, false, false, 'high', 'fast', 'deciduous', 'moderate acorn potential', 'moderate', 'moderate', ARRAY['Fall color'], false, false, true, false),
    ('Cork oak', 'Quercus suber', int4range(40,80), int4range(30,60), 6, false, false, 'very high', 'fast', 'semi-evergreen', 'moderate acorn potential', 'moderate', 'high', ARRAY['Bark'], false, true, true, true),
    ('Crape myrtle, Choctaw', 'Lagerstroemia Choctaw', int4range(15,25), int4range(15,25), 4, true, false, 'high', 'slow', 'deciduous', 'low', 'low', 'low', ARRAY['Fall color, flower, bark'], false, false, true, false),
    ('Crape myrtle, muskogee', 'Lagerstroemia Muskogee', int4range(15,25), int4range(15,25), 3, true, false, 'high', 'slow', 'deciduous', 'low', 'low', 'high', ARRAY['Fall color, flowers, bark'], false, false, true, false),
    ('Crape myrtle, natchez', 'Lagerstroemia Natchez', int4range(20,30), int4range(25,35), 4, true, false, 'high', 'moderate', 'deciduous', 'low', 'low', 'high', ARRAY['Fall color, flowers, bark'], false, false, true, false),
    ('Crape myrtle, tuscarora', 'Lagerstroemia Tuscarora', int4range(15,20), int4range(10,15), 3, true, false, 'high', 'slow', 'deciduous', 'low', 'low', 'high', ARRAY['Flowers, bark'], false, false, true, false),
    ('Encino tezahuatl', 'Quercus mexicana', int4range(40,60), int4range(30,50), 5, false, false, 'high', 'fast', 'evergreen', 'low acorn potential', 'moderate', 'low', ARRAY['Structure'], false, false, true, true),
    ('Engelmann oak', 'Quercus engelmannii', int4range(40,80), int4range(30,100), 5, false, true, 'high', 'moderate', 'semi-evergreen', 'moderate acorn potential', 'moderate', 'moderate', ARRAY['Bluish foliage'], false, false, true, true),
    ('Escarpment oak', 'Quercus fusiformis', int4range(40,60), int4range(25,40), 5, false, false, 'very high', 'moderate', 'semi-evergreen', 'moderate acorn potential', 'moderate', 'moderate', ARRAY['Foliage, structure'], false, false, true, true),
    ('Evergreen maple', 'Acer paxii', int4range(30,40), int4range(25,35), 5, false, false, 'moderate', 'moderate', 'evergreen', 'low', 'moderate', 'low', ARRAY['Foliage'], false, false, true, false),
    ('Fastigate blue atlas cedar', 'Cedrus atlantica Glauca Fastigata', int4range(40,60), int4range(25,35), 6, false, false, 'very high', 'moderate', 'evergreen', 'low', 'high', 'low', ARRAY['Bluish foliage'], false, false, true, true),
    ('Flamegold', 'Koelreuteria elegans', int4range(40,60), int4range(35,45), 6, false, false, 'high', 'fast', 'semi-evergreen', 'moderate', 'moderate', 'low', ARRAY['Flowers'], false, false, true, false),
    ('Ghost gum', 'Carymbia aparrerinja', int4range(50,70), int4range(30,40), 6, false, false, 'very high', 'fast', 'evergreen', 'moderate', 'high', 'low', ARRAY['Bluish foliage'], true, true, true, false),
    ('Gold medallion tree', 'Cassia lepyophylla', int4range(15,25), int4range(20,35), 3, true, false, 'high', 'slow', 'evergreen', 'moderate', 'low', 'moderate', ARRAY['Flowers'], false, false, true, false),
    ('Hollywood juniper', 'Juniperus chinensis Torulosa', int4range(20,30), int4range(10,30), 3, true, false, 'very high', 'slow', 'evergreen', 'low', 'low', 'moderate', ARRAY['Structure'], true, true, true, true),
    ('Island oak', 'Quercus tomentella', int4range(40,70), int4range(30,50), 5, false, false, 'high', 'moderate', 'evergreen', 'low acorn potential', 'moderate', 'high', ARRAY['Foliage'], false, true, true, true),
    ('Jelecote pine', 'Pinus patula', int4range(40,60), int4range(35,60), 6, false, false, 'high', 'fast', 'evergreen', 'low', 'high', 'low', ARRAY['Foliage, bark'], false, false, true, true),
    ('King palm', 'Achontophoenix cunninghamiana', int4range(35,60), int4range(10,20), 3, false, false, 'high', 'moderate', 'evergreen', 'moderate', 'low', 'high', ARRAY['Form, flowers'], false, true, true, false),
    ('Lemon-scented gum', 'Carymbia citriodora', int4range(60,80), int4range(20,30), 6, false, false, 'high', 'fast', 'evergreen', 'low', 'moderate', 'moderate', ARRAY['Bark, structure'], false, true, true, false),
    ('Macadamia', 'Macadamia integrifolia', int4range(25,35), int4range(20,30), 6, false, false, 'high', 'moderate', 'evergreen', 'moderate fruit production', 'moderate', 'low', ARRAY['Foliage, fruit'], false, true, true, false),
    ('Macdeonian oak', 'Quercus trojana', int4range(25,35), int4range(20,30), 4, false, false, 'high', 'moderate', 'deciduous', 'low, some acorns', 'low', 'low', ARRAY['Structure, fall color'], false, false, false, true),
    ('Marina madrone', 'Arbutus Marina', int4range(20,40), int4range(20,30), 4, false, false, 'moderate', 'moderate', 'evergreen', 'moderate fruit drop', 'low', 'high', ARRAY['Bark, foliage, fruit'], false, true, true, true),
    ('Mexican blue oak', 'Queurcus ablongifolia', int4range(40,60), int4range(30,80), 5, false, false, 'high', 'moderate', 'evergreen', 'low acorn potential', 'moderate', 'low', ARRAY['Bluish foliage'], false, false, true, true),
    ('Mexican red oak', 'Quercus canbyi', int4range(35,50), int4range(25,45), 5, false, false, 'moderate', 'fast', 'semi-evergreen', 'low acorn potential', 'moderate', 'low', ARRAY['Winter color'], false, false, true, false),
    ('Mount Lemmon super gambel oak', 'Quercus gambelli hybrid', int4range(35,60), int4range(25,40), 5, false, false, 'high', 'moderate', 'deciduous', 'moderate acorn potential', 'moderate', 'moderate', ARRAY['Fall color, foliage'], false, false, true, true),
    ('Netleaf oak', 'Quercus rugosa', int4range(40,70), int4range(25,45), 5, false, false, 'high', 'fast', 'evergreen', 'high acorn potential', 'moderate', 'moderate', ARRAY['New growth, foliage'], false, true, true, false),
    ('New Zealand Christmas tree/Pohutukawa', 'Metrosideros exceisa', int4range(30,40), int4range(25,40), 6, false, false, 'high', 'moderate', 'evergreen', 'low', 'high', 'high', ARRAY['Flowers, foliage'], true, true, true, false),
    ('Olive, Swan Hill (single stem)', 'Olea Swan Hill', int4range(20,30), int4range(25,35), 6, true, false, 'high', 'moderate', 'evergreen', 'low (proven fruitless variety)', 'high', 'high', ARRAY['Structure, foliage'], false, true, true, true),
    ('Pink trumpet tree', 'Handroanthus heptaphyilus', int4range(15,25), int4range(20,30), 4, true, false, 'high', 'moderate', 'semi-evergreen', 'low', 'low', 'moderate', ARRAY['Flowers'], false, false, true, true),
    ('Pyrenees oak', 'Quercus pyrenaica', int4range(40,60), int4range(30,50), 5, false, false, 'high', 'moderate', 'deciduous', 'moderate acorn potential', 'high', 'low', ARRAY['Fall color'], false, false, true, true),
    ('Red flowering gum', 'Carymbia ficifolia', int4range(25,40), int4range(30,50), 6, false, false, 'very high', 'fast', 'evergreen', 'high', 'high', 'low', ARRAY['Flowers'], false, true, true, false),
    ('Red Push pistache', 'Pistacia x Red Push', int4range(30,50), int4range(30,50), 5, false, false, 'very high', 'moderate', 'semi-evergreen', 'low', 'moderate', 'moderate', ARRAY['New growth coloration'], false, false, true, true),
    ('Roberts California sycamore', 'Platanus racemosa Roberts', int4range(50,90), int4range(30,60), 6, false, true, 'moderate', 'very fast', 'deciduous', 'moderate', 'high', 'low', ARRAY['Bark, structure'], false, false, true, false),
    ('Rusty leaf fig', 'FIcus rubidginosa', int4range(30,50), int4range(25,50), 8, false, false, 'high', 'fast', 'evergreen', 'low', 'high', 'moderate', ARRAY['foliage'], false, true, true, false),
    ('Sartors oak', 'Quercus sartorii', int4range(35,60), int4range(25,45), 5, false, false, 'moderate', 'fast', 'evergreen', 'low acorn potential', 'moderate', 'low', ARRAY['Foliage'], false, false, true, false),
    ('Shangtung maple', 'Acer truncatum', int4range(10,20), int4range(15,20), 3, true, false, 'high', 'slow', 'deciduous', 'low', 'low', 'low', ARRAY['Fall color'], false, false, true, false),
    ('Silver dollar gum', 'Eucalyptus polyanthemos', int4range(60,80), int4range(40,50), 6, false, false, 'very high', 'very fast', 'evergreen', 'moderate', 'high', 'low', ARRAY['Bluish foliage'], true, true, true, false),
    ('Silverleaf oak', 'Quercus hypoleucoides', int4range(30,60), int4range(20,40), 5, false, false, 'high', 'moderate', 'evergreen', 'low acorn potential', 'low', 'moderate', ARRAY['Bicolor foliage'], false, false, true, true),
    ('Soapbark tree', 'Quilaja saponaria', int4range(40,60), int4range(25,35), 4, false, false, 'moderate', 'moderate', 'evergreen', 'low', 'low', 'low', ARRAY['Structure, foliage'], false, false, true, true),
    ('Southern live oak', 'Quercus virginiana', int4range(30,50), int4range(40,80), 6, false, false, 'high', 'moderate', 'semi-evergreen', 'low acorn potential', 'high', 'high', ARRAY['Structure, foliage'], false, true, true, false),
    ('Swamp malee', 'Eucalyptus spathulata', int4range(20,40), int4range(25,35), 5, false, false, 'very high', 'moderate', 'evergreen', 'low', 'low', 'moderate', ARRAY['Bark, structure'], true, true, true, false),
    ('Sweet hakea', 'Hakea drupacea', int4range(15,20), int4range(15,25), 3, true, false, 'very high', 'slow', 'evergreen', 'low', 'low', 'low', ARRAY['Foliage, flowers'], true, true, true, false),
    ('Sydney red gum', 'Angophora costata', int4range(50,70), int4range(40,60), 6, false, false, 'high', 'fast', 'evergreen', 'moderate', 'high', 'moderate', ARRAY['Structure, bark'], true, true, true, false),
    ('Torrey Pine', 'Pinus torreyana', int4range(60,120), int4range(40,90), 6, false, true, 'very high', 'very fast', 'evergreen', 'big cones', 'high', 'moderate', ARRAY['Bluish foliage'], false, true, true, true),
    ('Torreys hybrid oak', 'Quercus acutidens', int4range(15,25), int4range(15,35), 4, true, true, 'high', 'slow', 'evergreen', 'low acorn potential', 'low', 'low', ARRAY['Structure'], false, false, true, true),
    ('Toyon, Davis Gold', 'Heteromeles arbutifolia Davis Gold', int4range(10,30), int4range(10,20), 3, true, true, 'high', 'moderate', 'evergreen', 'berries', 'low', 'low', ARRAY['Yellow berries'], false, false, false, true),
    ('Trident maple', 'Acer buergerianum', int4range(20,25), int4range(15,25), 4, true, false, 'moderate', 'slow', 'deciduous', 'low', 'low', 'moderate', ARRAY['Fall color, bark'], false, false, true, false),
    ('Water gum', 'Tristaniopsis laurina', int4range(10,30), int4range(10,25), 3, true, false, 'moderate', 'slow', 'evergreen', 'low', 'low', 'high', ARRAY['Bark, foliage'], false, false, true, true),
    ('Weeping fig', 'Ficus benjamina', int4range(25,30), int4range(15,25), 6, true, false, 'high', 'fast', 'evergreen', 'low', 'moderate', 'moderate', ARRAY['Growth, habit'], false, true, true, false),
    ('WestMax red oak', 'Qercus albocinta', int4range(25,40), int4range(20,35), 5, false, false, 'high', 'moderate', 'evergreen', 'low acorn potential', 'moderate', 'low', ARRAY['Foliage'], false, false, true, true)
;

INSERT INTO tree_requests (resident_id, submission_timestamp, tree_id, site_description, approved)
VALUES
    (3, '2024-07-03 07:04:06', 42, 'Contains large area for planting', false),
    (4, '2024-08-31 21:15:49', 55, '', true),
    ( 5, '2024-12-08 15:46:12', 12, 'Contains small area for planting', true),
    ( 6, '2023-12-10 11:21:54', 64, '', true),
    ( 8, '2023-10-11 04:06:38', 9, 'Contains large area for planting', true),
    (20, '2024-07-02 01:02:03', 11, 'Contains large area for planting', true),
    (14, '2025-01-01 12:34:21', 36, 'Contains small area for planting', true),
    (15, '2024-06-22 07:12:45', 11, 'Contains small area for planting', false),
    ( 21, '2024-04-12 17:23:30', 12, '', false),
    ( 19, '2024-10-03 07:06:28', 1, 'Contains large area for planting', false),
    (16, '2024-11-11 11:11:11', 12, '', true),
    (17, '2024-05-06 20:10:39', 16, '', true),
    ( 18, '2025-01-01 15:46:12', 42, 'Contains small area for planting', true),
    ( 19, '2024-07-10 14:05:09', 15, 'Contains large area for planting', true),
    ( 22, '2024-9-15 12:04:28', 25, '', true),
    (24, '2025-02-08 01:12:09', 30, '', true),
    (25, '2025-02-15 09:15:24', 32, 'Contains large area for planting', true),
    (26, '2024-02-12 08:08:08', 8, 'Contains large area for planting', true),
    ( 27, '2024-05-14 10:50:21', 6, 'Contains small area for planting', true),
    ( 28, '2023-07-12 09:00:00', 8, '', true),
    (29, '2023-04-01 18:22:23', 1, 'Contains large area for planting', true),
    (30, '2023-05-09 12:35:25', 5, '', true),
    (31, '2024-02-14 01:11:11', 9, 'Contains large area for planting', true),
    ( 32, '2024-06-11 12:54:50', 52, 'Contains small area for planting', true),
    ( 33, '2024-03-04 09:12:20', 30, '', true)
;

INSERT INTO permits (resident_id, tree_request_id, status, decision_date)
VALUES
    (3, 1, 'denied', '2024-07-05'),
    (4, 2, 'approved', '2024-09-09'),
    (5, 3, 'approved', '2025-01-03'),
    (6, 4, 'approved', '2024-01-07'),
    (8, 5, 'approved', '2024-02-02'),
    (20, 6, 'approved', '2024-07-05'),
    (14, 7, 'denied', '2025-01-03'),
    (15, 8, 'pending', NULL),
    (21, 9, 'pending', NULL),
    (19, 10, 'denied', '2025-03-12')
;

INSERT INTO scheduled_plantings (tree_request_id, event_timestamp, cancelled, notes)
VALUES
    (1, '2024-10-10 12:00:00', false, 'Area is fertilized'),
    (2, '2025-05-01 06:00:00', false, 'Area contains a few weeds'),
    (3, '2024-06-06 12:00:00', false, ''),
    (4, '2024-03-05 13:00:00', true, 'Area is fertilized'),
    (5, '2024-09-14 09:00:00', false, ''),
    (6, '2025-03-05 11:00:00', false, 'Area is fertilized'),
    (7, '2025-05-05 07:00:00', false, 'Area is fertilized'),
    (8, '2025-06-06 09:00:00', true, 'Area contains a few weeds'),
    (9, '2025-02-15 12:00:00', false, ''),
    (10, '2024-12-11 14:00:00', false, 'Area is fertilized'),
    (11, '2024-10-01 17:00:00', false, ''),
    (12, '2024-03-12 10:00:00', false, '')
;

INSERT INTO scheduled_visits (tree_request_id, event_timestamp, cancelled, notes, organization_member_id)
VALUES
    (13, '2024-10-09 08:00:00', false, '', 1),
    (14, '2025-01-07 09:00:00', false, '', 2),
    (15, '2024-01-12 10:30:00', true, 'Commuting is too hazardous with a frozen road', 11),
    (16, '2024-03-03 13:00:00', true, 'The weather is stormy', 15),
    (17, '2024-08-23 06:00:00', false, '', 13),
    (18, '2025-02-06 11:00:00', false, 'Area may be bigger than anticipated', 18),
    (19, '2025-03-23 07:30:00', false, 'Area may be smaller than anticipated', 18),
    (20, '2025-03-21 18:00:00', true, 'The weather is stormy', 1),
    (21, '2025-01-14 12:00:00', false, '', 2),
    (22, '2024-07-22 07:00:00', false, '', 10),
    (23, '2024-01-02 12:00:00', false, '', 10),
    (24, '2024-06-05 12:00:00', false, '', 18),
    (25, '2024-11-09 17:00:00', false, '', 1)
;

INSERT INTO visit_events (scheduled_visit_id, observations, photo_library_link, additional_visit_required)
VALUES
    (13, 'Area appears to not have a lot of planting area', 'photo_link_13.com', true),
    (14, 'Area seems to be in good condition for planting', 'photo_link_14.com', false),
    (17, 'Area seems to have some debris, preventing planting', 'photo_link_17.com', true),
    (18, 'Area seems to have some debris, preventing planting', 'photo_link_18.com', true),
    (19, 'Area seems to be in good condition for planting', 'photo_link_19.com', false),
    (21, 'Area seems to be in good condition for planting', 'photo_link_21.com', false),
    (22, 'Area is too small', 'photo_link_22.com', true),
    (23, 'Area seems to be in good condition for planting', 'photo_link_23.com', false),
    (24, 'Area is too small', 'photo_link_24.com', true),
    (25, 'Area seems to be in good condition for planting, may be too small', 'photo_link_25.com', false)
;


INSERT INTO planting_events (scheduled_planting_id, observations, before_photos_library_link, after_photos_library_link, successful)
VALUES
    (1, 'Plant shows signs of fruit', 'before_photo_1.com', 'after_photo_1.com', true),
    (2, 'Lots of cones were dropped', 'before_photo_2.com', 'after_photo_2.com', true),
    (3, 'Berries were dropped', 'before_photo_3.com', 'after_photo_3.com', true),
    (5, 'Soil was not able to be dug into', 'before_photo_5.com', 'after_photo_5.com', false),
    (6, 'Foliage', 'before_photo_6.com', 'after_photo_6.com', true),
    (7, 'Foliage', 'before_photo_7.com', 'after_photo_7.com', true),
    (9, 'Weed is around the tree', 'before_photo_9.com', 'after_photo_9.com', true),
    (10, 'Soil was not able to be dug into', 'before_photo_10.com', 'after_photo_10.com', false),
    (11, 'Foliage', 'before_photo_11.com', 'after_photo_11.com', true),
    (12, 'Lots of cones were dropped', 'before_photo_12.com', 'after_photo_12.com', true)
;


INSERT INTO organization_members_lead_planting_events (organization_member_id, planting_event_id)
VALUES
    (23,1),
    (15,2),
    (11,3),
    (15,5),
    (11,6),
    (24,7),
    (10,9),
    (10,10),
    (18,11),
    (15,12)
;

INSERT INTO scheduled_plantings_have_volunteers (planting_event_id, volunteer_id)
VALUES
    (1, 4),
    (2, 8),
    (3, 14),
    (4, 3),
    (5, 22),
    (6, 27),
    (7, 25),
    (8, 25),
    (9, 14),
    (10, 3)
;

INSERT INTO planting_events_have_volunteers (planting_event_id, volunteer_id)
VALUES
    (1, 3),
    (2, 4),
    (3, 5),
    (5, 8),
    (6, 14),
    (7, 22),
    (9, 24),
    (10, 25),
    (11, 27),
    (12, 27)
;